peptide,HLA,immunogenicity,test,respond,potential
YQLAGYILTV,HLA-A*0201,Negative,10,0,0.168675139
PELEEVQSL,HLA-B*4402,Negative,4,0,0.303224867
LEIDHINKLF,HLA-B*4402,Negative,4,0,0.308527419
GVEGEGLHK,HLA-A*1101,Positive-High,0,0,0.973306807
ALMGAVTSL,HLA-A*0201,Positive-High,10,10,0.978147307
ALISAFSGS,HLA-A*0201,Positive-High,3,2,0.944177938
YIGEVLVSA,HLA-A*0201,Positive-High,0,0,0.969748016
LYGVVWFNI,HLA-A*2402,Negative,5,0,0.257693099
LLIDLTSFLL,HLA-A*0201,Positive-High,32,14,0.698714312
GINTIPIAL,HLA-A*0201,Positive-High,90,75,0.870578897
RTLEDLLMGV,HLA-A*0201,Positive-High,0,0,0.967968751
KLVAFGINAV,HLA-A*0201,Positive-High,4,4,0.969401296
QYVQQHNKI,HLA-A*2402,Negative,5,0,0.274791179
QLFNHTMFI,HLA-A*0201,Positive-High,0,0,0.969649636
LMLLFAAMI,HLA-A*2402,Negative,5,0,0.264092159
SLYNTIAVL,HLA-A*0201,Positive-High,0,0,0.974531991
IERMDYVCKY,HLA-B*4402,Negative,4,0,0.298929162
KGVDTVSVGN,HLA-A*0202,Negative,19,0,0.120878977
HRRGSRSYV,HLA-C*0602,Positive-High,0,0,0.968094029
KLVAYGINAV,HLA-A*0201,Positive-High,4,4,0.96954136
AAKGRGAAL,HLA-B*0801,Negative,4,0,0.324360322
PIGENSPLL,HLA-A*0201,Negative,15,0,0.137756024
GTLTSAINR,HLA-A*1101,Positive-High,12,12,0.976748944
KLVAHGINAV,HLA-A*0201,Positive-High,5,5,0.974517418
ETFNKEFVY,HLA-A*0101,Negative,4,0,0.31342538
KVLGLWATV,HLA-A*0201,Positive-High,0,0,0.9658362
LIDQYLYYL,HLA-A*0201,Positive-High,0,0,0.972007722
NWKNFYPSY,HLA-A*2402,Negative,5,0,0.253986642
GLREDLLSL,HLA-A*0201,Positive-High,0,0,0.962889904
QMAGVEVRY,HLA-A*0101,Negative,4,0,0.281757059
EFTVSGNIL,HLA-B*4001,Positive-High,0,0,0.965830709
SLFGQRIEV,HLA-A*0201,Positive-High,8,8,0.976172139
GLNAVAYYR,HLA-A*0301,Negative,6,0,0.248242477
ALAVLSVTL,HLA-A*0201,Positive-High,0,0,0.970493044
IEEHMRQTL,HLA-B*4402,Negative,4,0,0.305753153
EEAAGIGIL,HLA-B*1801,Positive-High,0,0,0.965489329
SMITMSAFL,HLA-A*0201,Negative,10,0,0.189478412
LYVKGEPIIN,HLA-A*0202,Negative,19,0,0.123075124
MLMIIIVIAI,HLA-A*0201,Positive-High,4,4,0.976364011
RYGSFSVTL,HLA-C*0701,Positive-High,0,0,0.970307165
ALSALLTKL,HLA-A*0201,Positive-High,10,10,0.976684177
VLMIKALEL,HLA-A*0201,Positive-High,0,0,0.97030237
SLQDVPLAAL,HLA-A*0201,Positive-High,0,0,0.973184653
ILRGTSFVYV,HLA-A*0201,Negative,12,0,0.180173623
YIIFVYIPL,HLA-A*0201,Positive-High,0,0,0.969834387
TLRGLFFSV,HLA-A*0201,Positive-High,10,7,0.914476374
VFMLMETMF,HLA-A*2402,Negative,5,0,0.268634475
GLLDQVAAL,HLA-A*0201,Positive-High,0,0,0.965793901
TSSIASPLY,HLA-A*0101,Negative,4,0,0.287200888
VMQGCLEST,HLA-A*0201,Positive-High,15,8,0.83334448
FIPQYLSAV,HLA-A*0201,Positive-High,10,10,0.976006797
FLGDDPSPA,HLA-A*0201,Positive-High,10,10,0.972567986
ALAADPQSL,HLA-A*0201,Positive-High,15,8,0.834852264
AIGEVLVSV,HLA-A*0201,Positive-High,0,0,0.972931737
ALMLRLLRI,HLA-A*0201,Positive-High,10,10,0.977632375
TELLDRTVY,HLA-B*4402,Negative,4,0,0.300956045
SVGGVFTSV,HLA-A*0201,Positive-High,8,8,0.975316816
KLLRRPFSL,HLA-A*0201,Negative,10,0,0.181130119
FLKQQYMNL,HLA-A*0201,Positive-High,0,0,0.968946802
YEQMAIDHY,HLA-B*4402,Negative,4,0,0.307945343
NIMNFFKTEI,HLA-A*0201,Negative,12,0,0.172508767
STTDDADLY,HLA-A*0101,Negative,4,0,0.307386933
AYNLVHLIM,HLA-A*2402,Negative,5,0,0.26951082
LLVDLAEEL,HLA-A*0201,Positive-High,0,0,0.972255344
EPAPFDETL,HLA-B*5301,Negative,6,0,0.240688283
LLYILRYIV,HLA-A*0201,Negative,10,0,0.188295118
ALSEDLLSI,HLA-A*0201,Positive-High,0,0,0.969846308
IEMVDIEQF,HLA-B*4402,Negative,4,0,0.301527437
LTNPLLSPY,HLA-A*0101,Negative,4,0,0.285734542
LTISFFLIMY,HLA-A*0101,Negative,4,0,0.30410731
MLLALVALVI,HLA-A*0201,Negative,10,0,0.183046839
NYTPGPGIRF,HLA-A*2402,Positive-High,0,0,0.969227559
SPLSINTRM,HLA-B*0702,Negative,9,0,0.190144414
IAGIGILAI,HLA-A*0201,Positive-High,0,0,0.961746922
PLIVGILLV,HLA-A*0201,Negative,15,0,0.130981197
ILDPKTGLV,HLA-A*0201,Negative,7,0,0.221245516
HEKPLPNYTF,HLA-B*4402,Negative,4,0,0.277600978
SLMNVHSNG,HLA-A*0201,Positive-High,2,2,0.973614282
ILMTATPPGT,HLA-A*0201,Negative,6,0,0.246721949
LQAGFFLLTR,HLA-A*1101,Negative,20,0,0.114924161
VVAGTILVCY,HLA-A*0101,Negative,4,0,0.284216068
NTYKCRGHNY,HLA-A*0101,Negative,4,0,0.30844751
RPSPIGYLGL,HLA-B*0706,Positive-High,1,1,0.966353084
RQWGPDPAAV,HLA-A*0201,Positive-High,0,0,0.97020273
FLGGHVAVA,HLA-A*0201,Positive-High,10,10,0.979612704
TEPYNLVPIL,HLA-B*4402,Negative,4,0,0.302726117
ILDAHSLYL,HLA-A*0201,Positive-High,1,1,0.97073366
WDFGSVGGAL,HLA-B*4001,Positive-High,1,1,0.971974801
SLPITVYYA,HLA-A*0201,Positive-High,0,0,0.97143462
KWSCFPNEI,HLA-A*2402,Negative,5,0,0.272122112
ALDTAKLKCY,HLA-A*0101,Negative,4,0,0.280434494
IECKKSSTL,HLA-B*4402,Negative,4,0,0.277145404
LVSSLSEITY,HLA-A*0101,Negative,4,0,0.304916974
ELAAHQKKIL,HLA-A*0201,Negative,24,0,0.107559299
ILRSFIPLL,HLA-A*0201,Positive-High,0,0,0.974857567
VEKDCLMVF,HLA-B*4402,Negative,4,0,0.308165765
KFPKISISY,HLA-A*2402,Negative,5,0,0.292796279
IPSDLERRIL,HLA-B*0702,Positive-High,14,3,0.750999466
YANMWSLMY,HLA-A*2902,Negative,8,0,0.204070785
AVADTLIGV,HLA-A*0201,Negative,6,0,0.235506024
